book,character
Gardens of the Moon,A'Karonys
Gardens of the Moon,Agent in Genabaris
Gardens of the Moon,Anomander Rake
Gardens of the Moon,Antsy
Gardens of the Moon,Apsalar
Gardens of the Moon,Aragan
Gardens of the Moon,Assassin High House Shadow
Gardens of the Moon,Baran
Gardens of the Moon,Baruk
Gardens of the Moon,Bellurdan
Gardens of the Moon,Berrute
Gardens of the Moon,Black Moranth patrol leader
Gardens of the Moon,Blind
Gardens of the Moon,Blues
Gardens of the Moon,Boruld
Gardens of the Moon,Caladan Brood
Gardens of the Moon,Calot
Gardens of the Moon,Cannig Tol
Gardens of the Moon,Captain High House Light
Gardens of the Moon,Captain (Itko Kan)
Gardens of the Moon,Challice D'Arle
Gardens of the Moon,Chert
Gardens of the Moon,Circle Breaker
Gardens of the Moon,Coll
Gardens of the Moon,The Rope/Cotillion
Gardens of the Moon,Cowl
Gardens of the Moon,Crippled God
Gardens of the Moon,Crokus Younghand
Gardens of the Moon,Crone
Gardens of the Moon,Crown
Gardens of the Moon,D'rek
Gardens of the Moon,Dancer
Gardens of the Moon,Dashtal
Gardens of the Moon,Dassem Ultor
Gardens of the Moon,Dassem Ultor's daughter
Gardens of the Moon,Derudan
Gardens of the Moon,Dessembrae
Gardens of the Moon,Detoran
Gardens of the Moon,Doan
Gardens of the Moon,Drisbin
Gardens of the Moon,Dujek Onearm
Gardens of the Moon,The Eel
Gardens of the Moon,Eitholos Ilm
Gardens of the Moon,Ektalm
Gardens of the Moon,Estraysian D'Arle
Gardens of the Moon,Feder
Gardens of the Moon,Felisin
Gardens of the Moon,Fiddler
Gardens of the Moon,Fingers
Gardens of the Moon,Fisher
Gardens of the Moon,Fishergirl
Gardens of the Moon,Galad Ketan
Gardens of the Moon,Gamet
Gardens of the Moon,Ganoes Stabro Paran
Gardens of the Moon,Ganrod
Gardens of the Moon,Gear
Gardens of the Moon,Gorlas Vidikas
Gardens of the Moon,Grallin
Gardens of the Moon,Hairlock
Gardens of the Moon,Hedge
Gardens of the Moon,Herald of High House Death
Gardens of the Moon,Hood
Gardens of the Moon,Horult
Gardens of the Moon,Hunters
Gardens of the Moon,Hurtle
Gardens of the Moon,Icarium
Gardens of the Moon,Ilgrand Lender
Gardens of the Moon,Irilta
Gardens of the Moon,Jakatakan Ã‰lites
Gardens of the Moon,Jekaral
Gardens of the Moon,Jorrick Sharplance
Gardens of the Moon,Jurrig Denatte
Gardens of the Moon,Corporal Kalam
Gardens of the Moon,Kallor
Gardens of the Moon,Prince K'azz D'Avore
Gardens of the Moon,Emperor Kellanved
Gardens of the Moon,Kig Aven
Gardens of the Moon,Kilava Onass
Gardens of the Moon,Kin Clip
Gardens of the Moon,Knight High House Dark
Gardens of the Moon,Korlat
Gardens of the Moon,K'rul
Gardens of the Moon,Kruppe
Gardens of the Moon,Krute of Talient
Gardens of the Moon,Lady of Beggars
Gardens of the Moon,Empress Laseen
Gardens of the Moon,Letastte
Gardens of the Moon,Lim
Gardens of the Moon,Logros
Gardens of the Moon,Lord of the Galayn
Gardens of the Moon,Lorn
Gardens of the Moon,Mallet
Gardens of the Moon,Mammot
Gardens of the Moon,Mappo
Gardens of the Moon,Mason High House Death
Gardens of the Moon,Meese
Gardens of the Moon,Mhybe
Gardens of the Moon,Moby
Gardens of the Moon,Mother Dark
Gardens of the Moon,Murillio
Gardens of the Moon,Napan tutor
Gardens of the Moon,Nedurian
Gardens of the Moon,Nightchill
Gardens of the Moon,Ocelot
Gardens of the Moon,Olar Ethil
Gardens of the Moon,Onak Shendok
Gardens of the Moon,Onos T'oolan
Gardens of the Moon,Oponn
Gardens of the Moon,Orb
Gardens of the Moon,Orfantal
Gardens of the Moon,Lady Orr
Gardens of the Moon,Osserc
Gardens of the Moon,Pallick
Gardens of the Moon,Pannion Seer
Gardens of the Moon,Parald
Gardens of the Moon,Pearl
Gardens of the Moon,Picker
Gardens of the Moon,Pran Chole
Gardens of the Moon,Quick Ben
Gardens of the Moon,Raest
Gardens of the Moon,Rallick Nom
Gardens of the Moon,Rellock
Gardens of the Moon,Rigga
Gardens of the Moon,Roald
Gardens of the Moon,Rood
Gardens of the Moon,Rusty
Gardens of the Moon,Sandenay
Gardens of the Moon,Scurve
Gardens of the Moon,Serrat
Gardens of the Moon,Shadowthrone/Ammanas
Gardens of the Moon,Shaman
Gardens of the Moon,Shan
Gardens of the Moon,Silanah
Gardens of the Moon,Silverfox
Gardens of the Moon,Simtal
Gardens of the Moon,Soldier High House Death
Gardens of the Moon,Sorry
Gardens of the Moon,Spindle
Gardens of the Moon,Stillis
Gardens of the Moon,Stranger
Gardens of the Moon,Sulty
Gardens of the Moon,Surly
Gardens of the Moon,Talo Krafar
Gardens of the Moon,Tarlow
Gardens of the Moon,Tattersail
Gardens of the Moon,Tavore
Gardens of the Moon,Tayschrenn
Gardens of the Moon,Tholis
Gardens of the Moon,Throne (Unaligned)
Gardens of the Moon,Toc (the Elder)
Gardens of the Moon,Toc the Younger
Gardens of the Moon,Topper
Gardens of the Moon,Travale
Gardens of the Moon,Trotts
Gardens of the Moon,Turban Orr
Gardens of the Moon,Vildron
Gardens of the Moon,Virgin High House Death
Gardens of the Moon,Vorcan
Gardens of the Moon,Sergeant Whiskeyjack
Deadhouse Gates,Ameron
Deadhouse Gates,Ancient Shaman
Deadhouse Gates,Anomander Rake
Deadhouse Gates,Antsy
Deadhouse Gates,Apsalar
Deadhouse Gates,Apsalar
Deadhouse Gates,Apt
Deadhouse Gates,Aragan
Deadhouse Gates,Aralt Arpat
Deadhouse Gates,Aren treasurer
Deadhouse Gates,Baran
Deadhouse Gates,Baria Setral
Deadhouse Gates,Baruk
Deadhouse Gates,Baudin
Deadhouse Gates,Baudin Elder
Deadhouse Gates,Beneth
Deadhouse Gates,Bent
Deadhouse Gates,Berkru
Deadhouse Gates,Beru
Deadhouse Gates,Bidithal
Deadhouse Gates,Binadas Sengar
Deadhouse Gates,Blind
Deadhouse Gates,Blind boy
Deadhouse Gates,Hissar
Deadhouse Gates,Blistig
Deadhouse Gates,Bordu
Deadhouse Gates,Brokeface
Deadhouse Gates,Bula
Deadhouse Gates,Bult
Deadhouse Gates,Bungle
Deadhouse Gates,Burn
Deadhouse Gates,Caladan Brood
Deadhouse Gates,Captain
Deadhouse Gates,Ragstopper
Deadhouse Gates,Cartheron Crust
Deadhouse Gates,Chenned
Deadhouse Gates,Clam
Deadhouse Gates,Coltaine
Deadhouse Gates,Cotillion
Deadhouse Gates,Crokus
Deadhouse Gates,Cuttle
Deadhouse Gates,Dancer
Deadhouse Gates,Dassem Ultor
Deadhouse Gates,Dassem Ultor's daughter
Deadhouse Gates,Duiker
Deadhouse Gates,Dujek Onearm
Deadhouse Gates,Emperor
Deadhouse Gates,Ex-Hissar Guard
Deadhouse Gates,Febryl
Deadhouse Gates,Felisin
Deadhouse Gates,Felisin Younger
Deadhouse Gates,Fener
Deadhouse Gates,Fiddler
Deadhouse Gates,Fisher kel Tath
Deadhouse Gates,Flower
Deadhouse Gates,Gall
Deadhouse Gates,Ganoes Paran
Deadhouse Gates,Gear
Deadhouse Gates,Geburah
Deadhouse Gates,Gesler
Deadhouse Gates,Gimlet Gamet
Deadhouse Gates,Gothos
Deadhouse Gates,Gryllen
Deadhouse Gates,Gunnip
Deadhouse Gates,Hanor
Deadhouse Gates,Heboric Light Touch
Deadhouse Gates,Hentos Ilm
Deadhouse Gates,Hood
Deadhouse Gates,Hunchbacked pimp
Deadhouse Gates,Icarium
Deadhouse Gates,Insane mage
Deadhouse Gates,Irp
Deadhouse Gates,Iskaral Pust
Deadhouse Gates,Jaghut ghost
Deadhouse Gates,Jelem
Deadhouse Gates,Kalam
Deadhouse Gates,Kallor
Deadhouse Gates,Kamist Reloe
Deadhouse Gates,Karpolan Demesand
Deadhouse Gates,K'azz D'Avore
Deadhouse Gates,Keneb
Deadhouse Gates,Kesen
Deadhouse Gates,Kimloc
Deadhouse Gates,Korbolo Dom
Deadhouse Gates,Kornobol
Deadhouse Gates,Kulp
Deadhouse Gates,Lady Gaesen
Deadhouse Gates,Laseen
Deadhouse Gates,Legana Breed
Deadhouse Gates,Lenestro
Deadhouse Gates,Leoman
Deadhouse Gates,Leopard D'ivers
Deadhouse Gates,Pan'potsun Odhan
Deadhouse Gates,List
Deadhouse Gates,L'oric
Deadhouse Gates,Lord Hilrac
Deadhouse Gates,Lorn
Deadhouse Gates,Lostara Yil
Deadhouse Gates,Lull
Deadhouse Gates,Mael
Deadhouse Gates,Mallet
Deadhouse Gates,Mallick Rel
Deadhouse Gates,Mammot
Deadhouse Gates,Mappo
Deadhouse Gates,Mebra
Deadhouse Gates,Megara
Deadhouse Gates,Mesker Setral
Deadhouse Gates,Messremb
Deadhouse Gates,Minala
Deadhouse Gates,Mincer
Deadhouse Gates,Moby
Deadhouse Gates,Mogora
Deadhouse Gates,Naval D'natha
Deadhouse Gates,Nawahl Ebur
Deadhouse Gates,Nether
Deadhouse Gates,Nethpara
Deadhouse Gates,Nil
Deadhouse Gates,Nok
Deadhouse Gates,Nordo
Deadhouse Gates,Nub
Deadhouse Gates,Olar Ethil
Deadhouse Gates,Orto Setral
Deadhouse Gates,Osric
Deadhouse Gates,Palet
Deadhouse Gates,Panek
Deadhouse Gates,Paran's father
Deadhouse Gates,Paran's mother
Deadhouse Gates,Pearl
Deadhouse Gates,Pella
Deadhouse Gates,Pormqual
Deadhouse Gates,Porthal K'nastra
Deadhouse Gates,Pullyk Alar
Deadhouse Gates,Queen of Dreams
Deadhouse Gates,Quick Ben
Deadhouse Gates,Raest
Deadhouse Gates,Reborid
Deadhouse Gates,Red Blade in Ehrlitan
Deadhouse Gates,Rellock
Deadhouse Gates,Rigga
Deadhouse Gates,Roach
Deadhouse Gates,Rood
Deadhouse Gates,Rudd
Deadhouse Gates,Ryllandaras
Deadhouse Gates,Salk Elan
Deadhouse Gates,Sawark
Deadhouse Gates,Skullcup
Deadhouse Gates,Sa'yless Lorthal
Deadhouse Gates,Sebry
Deadhouse Gates,Selal
Deadhouse Gates,Selv
Deadhouse Gates,Semk godling
Deadhouse Gates,Shadowthrone
Deadhouse Gates,Sha'ik
Deadhouse Gates,Shan
Deadhouse Gates,Sormo E'nath
Deadhouse Gates,Squint
Deadhouse Gates,Stormy
Deadhouse Gates,Sulmar
Deadhouse Gates,T'amber
Deadhouse Gates,Tapuharal in Hissar
Deadhouse Gates,Tattersail
Deadhouse Gates,Tavore
Deadhouse Gates,Tayschrenn
Deadhouse Gates,Temul
Deadhouse Gates,Tene Baralta
Deadhouse Gates,Tithansi Warleader
Deadhouse Gates,Toblakai
Deadhouse Gates,Toc the Elder
Deadhouse Gates,Toc the Younger
Deadhouse Gates,Topper
Deadhouse Gates,Torlom
Deadhouse Gates,Tormin
Deadhouse Gates,Tras
Deadhouse Gates,Treach
Deadhouse Gates,Truth
Deadhouse Gates,Aunt Tulla
Deadhouse Gates,Tumlit
Deadhouse Gates,Turqa
Deadhouse Gates,Two young girls
Deadhouse Gates,The Unwelcome
Deadhouse Gates,Urko Crust
Deadhouse Gates,Vaneb
Deadhouse Gates,Vered
Deadhouse Gates,Vole
Deadhouse Gates,Whirlwind Goddess
Deadhouse Gates,Apocalypse
Deadhouse Gates,Whiskeyjack
Deadhouse Gates,Wickan warlock
Memories of Ice,Gruntle
Memories of Ice,Stonny Menackis
Memories of Ice,Harllo
Memories of Ice,Buke
Memories of Ice,Bauchelain
Memories of Ice,Korbal Broach
Memories of Ice,Emancipor Reese
Memories of Ice,Keruli
Memories of Ice,Marble
Memories of Ice,Brukhalian
Memories of Ice,Itkovian
Memories of Ice,Karnadas
Memories of Ice,Recruit Velbara
Memories of Ice,Master Sergeant Norul
Memories of Ice,Farakalian
Memories of Ice,Nakalian
Memories of Ice,Torun
Memories of Ice,Sidlis
Memories of Ice,Nilbanas
Memories of Ice,Jelarkan
Memories of Ice,Arard
Memories of Ice,Rath'Fener
Memories of Ice,Rath'Shadowthrone
Memories of Ice,Rath'Queen of Dreams
Memories of Ice,Rath'Hood
Memories of Ice,Rath'D'rek
Memories of Ice,Rath'Trake
Memories of Ice,Rath'Burn
Memories of Ice,Rath'Togg
Memories of Ice,Rath'Fanderay
Memories of Ice,Rath'Dessembrae
Memories of Ice,Rath'Oponn
Memories of Ice,Rath'Beru
Memories of Ice,Dujek Onearm
Memories of Ice,Whiskeyjack
Memories of Ice,Twist
Memories of Ice,Artanthos
Memories of Ice,Barack
Memories of Ice,Hareb
Memories of Ice,Ganoes Paran
Memories of Ice,Antsy
Memories of Ice,Picker
Memories of Ice,Detoran
Memories of Ice,Spindle
Memories of Ice,Blend
Memories of Ice,Mallet
Memories of Ice,Hedge
Memories of Ice,Trotts
Memories of Ice,Quick Ben
Memories of Ice,Aimless
Memories of Ice,Bucklund
Memories of Ice,Runter
Memories of Ice,Mulch
Memories of Ice,Bluepearl
Memories of Ice,Shank
Memories of Ice,Toes
Memories of Ice,Caladan Brood
Memories of Ice,Anomander Rake
Memories of Ice,Kallor
Memories of Ice,The Mhybe
Memories of Ice,Silverfox
Memories of Ice,Korlat
Memories of Ice,Orfantal
Memories of Ice,Hurlochel
Memories of Ice,Crone
Memories of Ice,Humbrall Taur
Memories of Ice,Hetan
Memories of Ice,Cafal
Memories of Ice,Netok
Memories of Ice,Coll
Memories of Ice,Estraysian D'Arle
Memories of Ice,Baruk
Memories of Ice,Kruppe
Memories of Ice,Murillio
Memories of Ice,Kron
Memories of Ice,Cannig Tol
Memories of Ice,Bek Okhan
Memories of Ice,Pran Chole
Memories of Ice,Okral Lom
Memories of Ice,Bendal Home
Memories of Ice,Ay Estos
Memories of Ice,Olar Ethil
Memories of Ice,"Tool, the Shorn"
Memories of Ice,Kilava
Memories of Ice,Lanas Tog
Memories of Ice,The Seer
Memories of Ice,Ultentha
Memories of Ice,Kulpath
Memories of Ice,Inal
Memories of Ice,Anaster
Memories of Ice,Seerdomin Kahlt
Memories of Ice,K'rul
Memories of Ice,Draconus
Memories of Ice,Sister of Cold Nights
Memories of Ice,Lady Envy
Memories of Ice,Gethol
Memories of Ice,Treach
Memories of Ice,First Hero
Memories of Ice,Toc the Younger
Memories of Ice,Garath
Memories of Ice,Baaljagg
Memories of Ice,Mok
Memories of Ice,Thurule
Memories of Ice,Senu
Memories of Ice,The Chained One
Memories of Ice,The Witch of Tennes
Memories of Ice,Munug
Memories of Ice,Talamandas
Memories of Ice,Ormulogun
Memories of Ice,Gumble
Memories of Ice,Haradas
Memories of Ice,Azra Jael
Memories of Ice,Straw
Memories of Ice,Sty
Memories of Ice,Stump
Memories of Ice,Jib Bole
House of Chains,Karsa Orlong
House of Chains,Bairoth Gild
House of Chains,Delum Thord
House of Chains,Dayliss
House of Chains,Pahlk
House of Chains,Synyg
House of Chains,Adjunct Tavore
House of Chains,Fist Gamet/Gimlet
House of Chains,T'amber
House of Chains,Fist Tene Baralta
House of Chains,Fist Blistig
House of Chains,Captain Keneb
House of Chains,Grub
House of Chains,Admiral Nok
House of Chains,Commander Alardis
House of Chains,Nil
House of Chains,Nether
House of Chains,Temul
House of Chains,Squint
House of Chains,Pearl
House of Chains,Lostara Yil
House of Chains,Gall
House of Chains,Imrahl
House of Chains,Topper
House of Chains,Lieutenant Ranal
House of Chains,Sergeant Strings
House of Chains,Sergeant Gesler
House of Chains,Sergeant Borduke
House of Chains,Corporal Tarr
House of Chains,Corporal Stormy
House of Chains,Corporal Hubb
House of Chains,Bottle
House of Chains,Smiles
House of Chains,Koryk
House of Chains,Cuttle
House of Chains,Truth
House of Chains,Pella
House of Chains,Tavos Pond
House of Chains,Sands
House of Chains,Balgrid
House of Chains,Ibb
House of Chains,Maybe
House of Chains,Lutes
House of Chains,Sergeant Mosel
House of Chains,Sergeant Sobelone
House of Chains,Sergeant Tugg
House of Chains,Flashwit
House of Chains,Uru Hela
House of Chains,Bowl
House of Chains,Shortnose
House of Chains,Sergeant Balm
House of Chains,Sergeant Moak
House of Chains,Sergeant Thom Tissy
House of Chains,Corporal Deadsmell
House of Chains,Corporal Burnt
House of Chains,Corporal Tulip
House of Chains,Throatslitter
House of Chains,Widdershins
House of Chains,Galt
House of Chains,Lobe
House of Chains,Stacker
House of Chains,Ramp
House of Chains,Able
House of Chains,Sergeant Cord
House of Chains,Ashok Regiment
House of Chains,Ebron
House of Chains,Limp
House of Chains,Bell
House of Chains,Corporal Shard
House of Chains,Captain Kindly
House of Chains,Lieutenant Pores
House of Chains,Jibb
House of Chains,Gullstream
House of Chains,Scrawl
House of Chains,Master Sergeant Braven Tooth
House of Chains,Captain Irriz
House of Chains,Sinn
House of Chains,Gentur
House of Chains,Mudslinger
House of Chains,Hawl
House of Chains,Slavemaster Silgar
House of Chains,Damisk
House of Chains,Balantis
House of Chains,Astabb
House of Chains,Borrug
House of Chains,Torvald Nom
House of Chains,Calm
House of Chains,Ganal
House of Chains,Sha'ik
House of Chains,Felisin Younger
House of Chains,Toblakai
House of Chains,Leoman of the Flails
House of Chains,High Mage L'oric
House of Chains,High Mage Bidithal
House of Chains,High Mage Febryl
House of Chains,Heboric Ghost Hands
House of Chains,Kamist Reloe
House of Chains,Henaras
House of Chains,Fayelle
House of Chains,Mathok
House of Chains,T'morol
House of Chains,Corabb Bhilan Thenu'alas
House of Chains,Scillara
House of Chains,Duryl
House of Chains,Ethume
House of Chains,Korbolo Dom
House of Chains,Kasanal
House of Chains,Kalam Mekhar
House of Chains,Trull Sengar
House of Chains,Onrack
House of Chains,Cutter
House of Chains,Crokus
House of Chains,Apsalar
House of Chains,Rellock
House of Chains,Cotillion
House of Chains,Traveller
House of Chains,Rood
House of Chains,Blind
House of Chains,Darist
House of Chains,Ba'ienrok (Keeper)
House of Chains,Ibra Gholan
House of Chains,Monok Ochem
House of Chains,Haran Epal
House of Chains,Olar Shayn
House of Chains,Greyfrog
House of Chains,Apt
House of Chains,Azalan
House of Chains,Panek
House of Chains,Mebra
House of Chains,Iskaral Pust
House of Chains,Mogora
House of Chains,Cynnigig
House of Chains,Phyrlis
House of Chains,Aramala
House of Chains,Icarium
House of Chains,Mappo Runt
House of Chains,Jorrude
House of Chains,Malachar
House of Chains,Enias
House of Chains,Orenas
Midnight Tides,Tomad Sengar
Midnight Tides,Uruth
Midnight Tides,Fear Sengar
Midnight Tides,Trull Sengar
Midnight Tides,Binadas Sengar
Midnight Tides,Rhulad Sengar
Midnight Tides,Mayen
Midnight Tides,Hannan Mosag
Midnight Tides,Theradas Buhn
Midnight Tides,Midik Buhn
Midnight Tides,Badar
Midnight Tides,Rethal
Midnight Tides,Canarth
Midnight Tides,Choram Irard
Midnight Tides,Kholb Harat
Midnight Tides,Matra Brith
Midnight Tides,Udinaas
Midnight Tides,Feather Witch
Midnight Tides,Hulad
Midnight Tides,Virrick
Midnight Tides,Ezgara Diskanar
Midnight Tides,Janall
Midnight Tides,Quillas Diskanar
Midnight Tides,Unnutal Hebaz
Midnight Tides,Brys Beddict
Midnight Tides,Finadd
Midnight Tides,Moroch Nevath
Midnight Tides,Kuru Qan
Midnight Tides,Nisall
Midnight Tides,Turudal Brizad
Midnight Tides,Nifadas
Midnight Tides,Gerun Eberict
Midnight Tides,Triban Gnol
Midnight Tides,Laerdas
Midnight Tides,Buruk the Pale
Midnight Tides,Seren Pedac
Midnight Tides,Hull Beddict
Midnight Tides,Nekal Bara
Midnight Tides,Arahathan
Midnight Tides,Enedictal
Midnight Tides,Yan Tovis (Twilight)
Midnight Tides,Tehol Beddict
Midnight Tides,Hejun
Midnight Tides,Rissarh
Midnight Tides,Shand
Midnight Tides,Chalas
Midnight Tides,Biri
Midnight Tides,Huldo
Midnight Tides,Bugg
Midnight Tides,Ublala Pung
Midnight Tides,Harlest
Midnight Tides,Ormly
Midnight Tides,Rucket
Midnight Tides,Bubyrd
Midnight Tides,Glisten
Midnight Tides,Ruby
Midnight Tides,Onyx
Midnight Tides,Scint
Midnight Tides,Kettle
Midnight Tides,Shurq Elalle
Midnight Tides,Selush
Midnight Tides,Padderunt
Midnight Tides,Urul
Midnight Tides,Inchers
Midnight Tides,Hulbat
Midnight Tides,Turble
Midnight Tides,Unn
Midnight Tides,Delisp
Midnight Tides,Prist
Midnight Tides,Strong Rall
Midnight Tides,Green Pig
Midnight Tides,Withal
Midnight Tides,Rind
Midnight Tides,Mape
Midnight Tides,Pule
Midnight Tides,The One Within
Midnight Tides,Silchas Ruin
Midnight Tides,Scabandari Bloodeye
Midnight Tides,Gothos
Midnight Tides,Rud Elalle
Midnight Tides,Iron Bars
Midnight Tides,Corlo
Midnight Tides,Halfpeck
Midnight Tides,Ulshun Pral
The Bonehunters,Empress Laseen
The Bonehunters,Adjunct Tavore
The Bonehunters,Keneb
The Bonehunters,Blistig
The Bonehunters,Tene Baralta
The Bonehunters,Temul
The Bonehunters,Nil
The Bonehunters,Nether
The Bonehunters,T'amber
The Bonehunters,Lostara Yil
The Bonehunters,Pearl
The Bonehunters,Nok
The Bonehunters,Banaschar
The Bonehunters,Hellian
The Bonehunters,Urb
The Bonehunters,Brethless
The Bonehunters,Touchy
The Bonehunters,Quick Ben
The Bonehunters,Kalam Mekhar
The Bonehunters,Grub
The Bonehunters,Kindly
The Bonehunters,Pores
The Bonehunters,Faradan Sort
The Bonehunters,Fiddler/Strings
The Bonehunters,Tarr
The Bonehunters,Cuttle
The Bonehunters,Bottle
The Bonehunters,Koryk
The Bonehunters,Smiles
The Bonehunters,Gesler
The Bonehunters,Stormy
The Bonehunters,Braven Tooth
The Bonehunters,Maybe
The Bonehunters,Lutes
The Bonehunters,Ebron
The Bonehunters,Sinn
The Bonehunters,Crump
The Bonehunters,Balm
The Bonehunters,Deadsmell
The Bonehunters,Throatslitter
The Bonehunters,Masan Gilani
The Bonehunters,Barathol Mekhar
The Bonehunters,Kulat
The Bonehunters,Nulliss
The Bonehunters,Hayrith
The Bonehunters,Chaur
The Bonehunters,Noto Boil
The Bonehunters,Hurlochel
The Bonehunters,Sweetcreek
The Bonehunters,Futhgar
The Bonehunters,Rythe Bude
The Bonehunters,Ormulogun
The Bonehunters,Gumble
The Bonehunters,Apsalar
The Bonehunters,Telorast
The Bonehunters,Curdle
The Bonehunters,Samar Dev
The Bonehunters,Karsa Orlong
The Bonehunters,Ganath
The Bonehunters,Spite
The Bonehunters,Corabb Bhilan Thenu'alas
The Bonehunters,Leoman of the Flails
The Bonehunters,Dunsparrow
The Bonehunters,Karpolan Demesand
The Bonehunters,Torahaval Delat
The Bonehunters,Cutter
The Bonehunters,Heboric Ghost Hands
The Bonehunters,Scillara
The Bonehunters,Felisin the Younger
The Bonehunters,Greyfrog
The Bonehunters,Mappo Runt
The Bonehunters,Icarium
The Bonehunters,Iskaral Pust
The Bonehunters,Mogora
The Bonehunters,Taralack Veed
The Bonehunters,Dejim Nebrahl
The Bonehunters,Trull Sengar
The Bonehunters,Onrack the Broken
The Bonehunters,Ibra Gholan
The Bonehunters,Monok Ochem
The Bonehunters,Minala
The Bonehunters,Tomad Sengar
The Bonehunters,Feather Witch
The Bonehunters,Yan Tovis (Twilight)
The Bonehunters,Varat Taun
The Bonehunters,Taxilian
The Bonehunters,Ahlrada Ahn
The Bonehunters,Sathbaro Rangar
Reaper's Gale,Abasard
Reaper's Gale,Absi
Reaper's Gale,Anaster
Reaper's Gale,Andarist
Reaper's Gale,Anomandaris Purake
Reaper's Gale,Anomander Rake
Reaper's Gale,Apsalar
Reaper's Gale,Aragan
Reaper's Gale,Aranatha
Reaper's Gale,Araq Elalle
Reaper's Gale,Arbanat
Reaper's Gale,Ay'edenan of the Spring
Reaper's Gale,Aystar
Reaper's Gale,Company of Shadow
Reaper's Gale,Badan Gruk
Reaper's Gale,Bairoth Gild
Reaper's Gale,Balgrid
Reaper's Gale,Ballant
Reaper's Gale,Balm
Reaper's Gale,Banaschar
Reaper's Gale,Barathol Mekhar
Reaper's Gale,Barrakta Ilk
Reaper's Gale,Beak
Reaper's Gale,Beastmonger Shill
Reaper's Gale,Bellict
Reaper's Gale,Bellig Harn
Reaper's Gale,Ben Adaephon Delat
Reaper's Gale,Bentract
Reaper's Gale,Bentract Bonecaster
Reaper's Gale,Beru
Reaper's Gale,Beshur
Reaper's Gale,Binadas Sengar
Reaper's Gale,Biri
Reaper's Gale,Bivatt
Reaper's Gale,Black-Winged Lord
Reaper's Gale,Blistig
Reaper's Gale,Bottle
Reaper's Gale,Bottle's Grandmother
Reaper's Gale,Bowl
Reaper's Gale,Braven Tooth
Reaper's Gale,Brethless
Reaper's Gale,Brevity
Reaper's Gale,Brohl Handar
Reaper's Gale,Brullyg
Reaper's Gale,Shake
Reaper's Gale,Bruthen Trana
Reaper's Gale,Brys Beddict
Reaper's Gale,Bugg
Reaper's Gale,Burdenar
Reaper's Gale,Burn
Reaper's Gale,Buruk the Pale
Reaper's Gale,Caladan Brood
Reaper's Gale,Capalah
Reaper's Gale,Awl
Reaper's Gale,Cartharon Crust
Reaper's Gale,Clip
Reaper's Gale,Coltaine
Reaper's Gale,Corabb Bhilan Thenu'alas
Reaper's Gale,Cord
Reaper's Gale,Corlo
Reaper's Gale,Cotillion
Reaper's Gale,Crippled God
Reaper's Gale,Crump (Jamber Bole)
Reaper's Gale,Curdle
Reaper's Gale,Cuttle
Reaper's Gale,Dancer
Reaper's Gale,Dassem Ultor
Reaper's Gale,First Sword
Reaper's Gale,Deadsmell
Reaper's Gale,Delum Thord
Reaper's Gale,Den-Ratha K'risnan
Reaper's Gale,Desra
Reaper's Gale,Dessimbelackis
Reaper's Gale,Detoran
Reaper's Gale,Draconus
Reaper's Gale,Drawfirst
Reaper's Gale,Draxos Hulch
Reaper's Gale,D'rek
Reaper's Gale,Drene scout
Reaper's Gale,Dresh Boaral
Reaper's Gale,Druz Thennict
Reaper's Gale,Dujek Onearm
Reaper's Gale,Dunsparrow
Reaper's Gale,Ebron
Reaper's Gale,Edgewalker
Reaper's Gale,Elder (Renfayar clan)
Reaper's Gale,Emroth
Reaper's Gale,Enedictal
Reaper's Gale,Envy
Reaper's Gale,Eres'al
Reaper's Gale,Errant
Reaper's Gale,Eskil Hivanar
Reaper's Gale,Estav Kendar
Reaper's Gale,Ezgara
Reaper's Gale,Ezgara Diskanar
Reaper's Gale,Fanderay
Reaper's Gale,Faradan Sort
Reaper's Gale,Father Light
Reaper's Gale,Fear Sengar
Reaper's Gale,Feather Witch
Reaper's Gale,Fener
Reaper's Gale,Fiddler
Reaper's Gale,Flashwit
Reaper's Gale,Gadalanak
Reaper's Gale,Galt
Reaper's Gale,Ganoes Paran
Reaper's Gale,Gart
Reaper's Gale,Gaskaral Traum
Reaper's Gale,Gerun Eberict
Reaper's Gale,Gesler
Reaper's Gale,Gestallin Aros
Reaper's Gale,Gothos
Reaper's Gale,Greymane
Reaper's Gale,Gribna
Reaper's Gale,Gripe
Reaper's Gale,Gr'istanas Ish'ilm
Reaper's Gale,Grub
Reaper's Gale,Gruntle
Reaper's Gale,Gryllen
Reaper's Gale,Guardian of the Names
Reaper's Gale,Gullstream
Reaper's Gale,Gunth Mach
Reaper's Gale,Hadralt
Reaper's Gale,Awl
Reaper's Gale,Hairlock
Reaper's Gale,Hannan Mosag
Reaper's Gale,Hanno
Reaper's Gale,Hanradi Khalag
Reaper's Gale,Havok
Reaper's Gale,Hayenar
Reaper's Gale,Heboric
Reaper's Gale,Hedge
Reaper's Gale,Hellian
Reaper's Gale,Hetan
Reaper's Gale,Honey
Reaper's Gale,Hood
Reaper's Gale,Horul Rinnesict
Reaper's Gale,Hostille Rator
Reaper's Gale,Huldo
Reaper's Gale,Hull Beddict
Reaper's Gale,Humbrall Taur
Reaper's Gale,Hunt
Reaper's Gale,Icarium
Reaper's Gale,Imperial Brigade Commander
Reaper's Gale,Iron Bars
Reaper's Gale,Jaghut Huntress
Reaper's Gale,Janall
Reaper's Gale,Janath Anar
Reaper's Gale,Jibb
Reaper's Gale,Kalam Mekhar
Reaper's Gale,Kanorsos
Reaper's Gale,Karos Invictad
Reaper's Gale,K'ar Penath
Reaper's Gale,Karsa Orlong
Reaper's Gale,K'azz D'Avore
Reaper's Gale,Keden Qan
Reaper's Gale,Kedeviss
Reaper's Gale,Kellanved
Reaper's Gale,Keneb
Reaper's Gale,Kenryll'ah demon princes
Reaper's Gale,Kettle
Reaper's Gale,Kilava Onass
Reaper's Gale,Kilmandaros
Reaper's Gale,Kindly
Reaper's Gale,Kisswhere
Reaper's Gale,Knuckles
Reaper's Gale,Koryk
Reaper's Gale,Kraysos
Reaper's Gale,K'risnan
Reaper's Gale,Kron
Reaper's Gale,K'rul
Reaper's Gale,Kulp
Reaper's Gale,Kuru Qan
Reaper's Gale,Laseen
Reaper's Gale,Laudable Grool
Reaper's Gale,Legana Breed
Reaper's Gale,Leoman of the Flails
Reaper's Gale,rebellion
Reaper's Gale,Letherii barkeep
Reaper's Gale,Letherii deserter
Reaper's Gale,Letur Anict
Reaper's Gale,Lily
Reaper's Gale,Limp
Reaper's Gale,Lobe
Reaper's Gale,Logros
Reaper's Gale,Lookback
Reaper's Gale,Lostara Yil
Reaper's Gale,Lutes
Reaper's Gale,Madan'tul Rada
Reaper's Gale,Mael
Reaper's Gale,Mape
Reaper's Gale,Mappo
Reaper's Gale,Masan Gilani
Reaper's Gale,Masarch
Reaper's Gale,Awl
Reaper's Gale,Masker
Reaper's Gale,Master of the Deck of Dragons
Reaper's Gale,Maybe
Reaper's Gale,Mayen
Reaper's Gale,Mayfly
Reaper's Gale,Menandore
Reaper's Gale,Merude slave-tracker
Reaper's Gale,Merude warrior
Reaper's Gale,Minala
Reaper's Gale,Company of Shadow
Reaper's Gale,Misery
Reaper's Gale,Mock
Reaper's Gale,Mother Dark
Reaper's Gale,Mowri
Reaper's Gale,Mudslinger
Reaper's Gale,Mulvan Dreader
Reaper's Gale,Munuga
Reaper's Gale,Natarkas
Reaper's Gale,Nayrud
Reaper's Gale,Nefarrias Bredd
Reaper's Gale,Nekal Bara
Reaper's Gale,Neller
Reaper's Gale,Nenanda
Reaper's Gale,Nep Furrow
Reaper's Gale,Netok
Reaper's Gale,Nifadas
Reaper's Gale,Nimander Golit
Reaper's Gale,Nimander's beloved
Reaper's Gale,Nisall
Reaper's Gale,Nok
Reaper's Gale,Obo
Reaper's Gale,Old Hunch Arbat
Reaper's Gale,The One God
Reaper's Gale,Onos T'oolan
Reaper's Gale,Onrack
Reaper's Gale,Onyx
Reaper's Gale,Onyx Wizards
Reaper's Gale,Oponn
Reaper's Gale,Orbyn 'Truthfinder'
Reaper's Gale,Ordant Brid
Reaper's Gale,Ormly
Reaper's Gale,Osserc
Reaper's Gale,Padderunt
Reaper's Gale,Pamby Doughty
Reaper's Gale,Panek
Reaper's Gale,Pannion Seer
Reaper's Gale,Patriotist mage
Reaper's Gale,Pella
Reaper's Gale,Penith Vinandas
Reaper's Gale,Phaed
Reaper's Gale,Pinosel
Reaper's Gale,Pithy
Reaper's Gale,Pomolo Paltry the Sly
Reaper's Gale,Pores
Reaper's Gale,Pravalak Rim
Reaper's Gale,Primly
Reaper's Gale,Puddy
Reaper's Gale,Pule
Reaper's Gale,Pully
Reaper's Gale,Quick Ben
Reaper's Gale,Quillas Diskanar
Reaper's Gale,Ramp
Reaper's Gale,Rautos Hivanar
Reaper's Gale,Redmask
Reaper's Gale,Awl
Reaper's Gale,Reem
Reaper's Gale,Reliko
Reaper's Gale,Rhulad Sengar
Reaper's Gale,Rind
Reaper's Gale,Rin Varalath
Reaper's Gale,Rucket
Reaper's Gale,Rud Elalle
Reaper's Gale,Ruffle
Reaper's Gale,Rynthan
Reaper's Gale,Sag'Churok
Reaper's Gale,Saltlick
Reaper's Gale,Samar Dev
Reaper's Gale,Sandalath Drukorlat
Reaper's Gale,Sands
Reaper's Gale,Scabandari Bloodeye
Reaper's Gale,Scant
Reaper's Gale,Seguleh Twelfth
Reaper's Gale,Selush
Reaper's Gale,Senior Assessor
Reaper's Gale,Senorbo
Reaper's Gale,Seregahl
Reaper's Gale,Seren Pedac
Reaper's Gale,Serkanos
Reaper's Gale,Shadowthrone
Reaper's Gale,Shalmanat
Reaper's Gale,Shard
Reaper's Gale,Sheltatha Lore
Reaper's Gale,Sher'arah of Korel
Reaper's Gale,Shoaly
Reaper's Gale,Shortnose
Reaper's Gale,Shurq Elalle
Reaper's Gale,Sidilack
Reaper's Gale,Silanah
Reaper's Gale,Silchas Ruin
Reaper's Gale,Silverfox
Reaper's Gale,Sinn
Reaper's Gale,Sinter
Reaper's Gale,Sirryn Kanar
Reaper's Gale,Skim
Reaper's Gale,Skintick
Reaper's Gale,Skorgen Kaban
Reaper's Gale,Skoval Hivanar
Reaper's Gale,Skulldeath
Reaper's Gale,Skwish
Reaper's Gale,Sleem
Reaper's Gale,Smiles
Reaper's Gale,Sollanta scout
Reaper's Gale,Sorry
Reaper's Gale,Stavi
Reaper's Gale,Stayandi
Reaper's Gale,Storii
Reaper's Gale,Stormy
Reaper's Gale,Strap Mull
Reaper's Gale,Stump Flit
Reaper's Gale,Sukul Ankhadu
Reaper's Gale,Surly
Reaper's Gale,T'amber
Reaper's Gale,Tanal Yathvanar
Reaper's Gale,Taralack Veed
Reaper's Gale,Tarr
Reaper's Gale,Tattersail
Reaper's Gale,Tavore Paran
Reaper's Gale,Tavos Pond
Reaper's Gale,Taxilian
Reaper's Gale,Tayschrenn
Reaper's Gale,Tehol Beddict
Reaper's Gale,Telorast
Reaper's Gale,Temper
Reaper's Gale,Tene Baralta
Reaper's Gale,Teyan Atovis
Reaper's Gale,Theven
Reaper's Gale,Thom Tissy
Reaper's Gale,Throatslitter
Reaper's Gale,T'iam
Reaper's Gale,Til'Aras Benok
Reaper's Gale,Tissin
Reaper's Gale,Toc Anaster
Reaper's Gale,Toc the Elder
Reaper's Gale,Togg
Reaper's Gale,Tomad Sengar
Reaper's Gale,Torrent
Reaper's Gale,Awl
Reaper's Gale,Touchy
Reaper's Gale,Trantalo Kendar
Reaper's Gale,Treach
Reaper's Gale,Treval
Reaper's Gale,Triban Gnol
Reaper's Gale,T'riss
Reaper's Gale,Trotts
Reaper's Gale,Trull Sengar
Reaper's Gale,Truth
Reaper's Gale,Tulip
Reaper's Gale,Turudal Brizad
Reaper's Gale,Ublala Pung
Reaper's Gale,Udinaas
Reaper's Gale,Ulshun Pral
Reaper's Gale,Unn
Reaper's Gale,Urb
Reaper's Gale,Urko Crust
Reaper's Gale,Ursto Hoobutt
Reaper's Gale,Uru Hela
Reaper's Gale,Uruth Sengar
Reaper's Gale,Uster Taran
Reaper's Gale,Varat Taun
Reaper's Gale,Vastly Blank
Reaper's Gale,Venitt Sathad
Reaper's Gale,Ventrala
Reaper's Gale,K'risnan
Reaper's Gale,Village Factor
Reaper's Gale,Vorlock Duven
Reaper's Gale,Vrager
Reaper's Gale,Whiskeyjack
Reaper's Gale,Widdershins
Reaper's Gale,Withal
Reaper's Gale,Wither
Reaper's Gale,Yan Tovis (Twilight)
Reaper's Gale,Yan Tovis' mother
Reaper's Gale,Yedan Derryg (The Watch)
Reaper's Gale,Y'Ghatan
Reaper's Gale,Zorala Snicker
Toll the Hounds,Amber-eyed cat
Toll the Hounds,Amby Bole
Toll the Hounds,Andarist
Toll the Hounds,Anomander Rake
Toll the Hounds,Antsy
Toll the Hounds,Apsalar
Toll the Hounds,Apsal'ara
Toll the Hounds,Aranatha
Toll the Hounds,Ardatha
Toll the Hounds,Avab Tenitt
Toll the Hounds,Bainisk
Toll the Hounds,Bairoth Gild
Toll the Hounds,Baran
Toll the Hounds,Barathol Mekhar
Toll the Hounds,Baruk
Toll the Hounds,Baudin
Toll the Hounds,Bedek
Toll the Hounds,Bedusk Pall Kovuss Agape
Toll the Hounds,Bedusk Pall Kovuss Agape's wife
Toll the Hounds,Bek'athana Ilk
Toll the Hounds,Bellam Nom
Toll the Hounds,Bellurdan
Toll the Hounds,Ben Adaephon Delat
Toll the Hounds,Seerdomin
Toll the Hounds,Benuck Fill
Toll the Hounds,Benuck Fill's mother
Toll the Hounds,Beru
Toll the Hounds,Besk
Toll the Hounds,Bhok'arala
Toll the Hounds,Black-Winged Lord
Toll the Hounds,Blend
Toll the Hounds,Blind
Toll the Hounds,Blue Moranth
Toll the Hounds,Bluepearl
Toll the Hounds,Boc
Toll the Hounds,Bonehunters
Toll the Hounds,Boothal
Toll the Hounds,Bormen
Toll the Hounds,Brevith Dreda
Toll the Hounds,Brokul
Toll the Hounds,Brukhalian
Toll the Hounds,Bucch
Toll the Hounds,Bult
Toll the Hounds,Buna Bole
Toll the Hounds,Burn
Toll the Hounds,Caladan Brood
Toll the Hounds,The Captain
Toll the Hounds,Carpala
Toll the Hounds,Cartheron Crust
Toll the Hounds,Cartographer
Toll the Hounds,Cast
Toll the Hounds,Challice
Toll the Hounds,Chaur
Toll the Hounds,Child god
Toll the Hounds,Chillbais
Toll the Hounds,Chud
Toll the Hounds,City Watch officer
Toll the Hounds,Clerk
Toll the Hounds,Clip
Toll the Hounds,Coll
Toll the Hounds,Coltaine
Toll the Hounds,Cotillion
Toll the Hounds,Coutre
Toll the Hounds,Cowl
Toll the Hounds,Cracktooth Filcher
Toll the Hounds,Crippled God
Toll the Hounds,Crone
Toll the Hounds,Cutter
Toll the Hounds,Cuven
Toll the Hounds,Dancer
Toll the Hounds,Dassem Ultor
Toll the Hounds,First Sword
Toll the Hounds,Deadsmell
Toll the Hounds,Delas Fana
Toll the Hounds,Delish
Toll the Hounds,Delum Thord
Toll the Hounds,De nek okral
Toll the Hounds,Deragoth
Toll the Hounds,Derudan
Toll the Hounds,Desra
Toll the Hounds,Dessembrae
Toll the Hounds,Dessimbelackis
Toll the Hounds,Dester Thrin
Toll the Hounds,Detoran
Toll the Hounds,Dev'ad Anan Tol
Toll the Hounds,Dillat
Toll the Hounds,Ditch
Toll the Hounds,Doan
Toll the Hounds,Dog walkers
Toll the Hounds,Doruth
Toll the Hounds,Draconus
Toll the Hounds,D'rek
Toll the Hounds,Drethdenan
Toll the Hounds,Duiker
Toll the Hounds,Dujek Onearm
Toll the Hounds,Dule
Toll the Hounds,Dying God
Toll the Hounds,Saemankelyk
Toll the Hounds,Edgewalker
Toll the Hounds,Eel
Toll the Hounds,Elder
Toll the Hounds,Eldra Iron Mine foreman
Toll the Hounds,Endest Silann
Toll the Hounds,Enesdia
Toll the Hounds,Envy
Toll the Hounds,Ereko
Toll the Hounds,Esthala
Toll the Hounds,Estraysian D'Arle
Toll the Hounds,Faint
Toll the Hounds,Fanderay
Toll the Hounds,Fat Saborgan
Toll the Hounds,Favo
Toll the Hounds,Fedel
Toll the Hounds,Felisin Younger
Toll the Hounds,Fellurkanath
Toll the Hounds,Fener
Toll the Hounds,Feral
Toll the Hounds,Fiddler
Toll the Hounds,Fisher
Toll the Hounds,Fourth Troop rider
Toll the Hounds,Fuldit
Toll the Hounds,Gacharge Hadlorn Who Waits
Toll the Hounds,wreckers
Toll the Hounds,Gait
Toll the Hounds,Ganoes Paran
Toll the Hounds,Ganrod
Toll the Hounds,Gareb
Toll the Hounds,Gareb's bulbous-nosed guard
Toll the Hounds,Gareb's wife
Toll the Hounds,Garsten
Toll the Hounds,Gaz
Toll the Hounds,Gear
Toll the Hounds,Gedderone
Toll the Hounds,Ghennan
Toll the Hounds,Giddyn the Quick
Toll the Hounds,Gisp
Toll the Hounds,Glanno Tarp
Toll the Hounds,Gnaw
Toll the Hounds,Gorlas Vidikas
Toll the Hounds,Goruss
Toll the Hounds,Gothos
Toll the Hounds,Gradithan
Toll the Hounds,Gran
Toll the Hounds,Grasp
Toll the Hounds,Greyfrog
Toll the Hounds,Greymane
Toll the Hounds,Grisp Falaunt
Toll the Hounds,Gruntle
Toll the Hounds,Guard with a failing heart
Toll the Hounds,Guild of Blacksmiths official
Toll the Hounds,Haid
Toll the Hounds,Hairlock
Toll the Hounds,Half-humans
Toll the Hounds,Halyd Bahann
Toll the Hounds,Hanas
Toll the Hounds,Hanut Orr
Toll the Hounds,Haradas
Toll the Hounds,Harak
Toll the Hounds,Harllo
Toll the Hounds,Harllo
Toll the Hounds,Havet
Toll the Hounds,Havok
Toll the Hounds,Heboric Ghost Hands
Toll the Hounds,Hedry
Toll the Hounds,Hegest
Toll the Hounds,Herboo Nast
Toll the Hounds,High Priest of Burn
Toll the Hounds,High Priestess of Darkness
Toll the Hounds,High Priestess of Kharkanas
Toll the Hounds,High Priestess of Treach
Toll the Hounds,Hinter
Toll the Hounds,Hinty
Toll the Hounds,Hish Tulla
Toll the Hounds,Hood
Toll the Hounds,Hounds of Light
Toll the Hounds,Hounds of Shadow
Toll the Hounds,Humble Measure
Toll the Hounds,Humble Measure's loyal servant
Toll the Hounds,Icarium
Toll the Hounds,Ilgast Rend
Toll the Hounds,Irilta
Toll the Hounds,Iskaral Pust
Toll the Hounds,Iskar Jarak
Toll the Hounds,Itkovian
Toll the Hounds,Jade-eyed Demon
Toll the Hounds,Jalan
Toll the Hounds,Jorrick Sharplance
Toll the Hounds,Jula Bole
Toll the Hounds,Kadaspala
Toll the Hounds,Kagamandra Tulas Shorn
Toll the Hounds,Kalam Mekhar
Toll the Hounds,Kallor
Toll the Hounds,Kanz
Toll the Hounds,Kanz's mother
Toll the Hounds,Kanz's sister
Toll the Hounds,Karsa Orlong
Toll the Hounds,Karsa Orlong's daughters
Toll the Hounds,Kathada
Toll the Hounds,K'azz D'Avore
Toll the Hounds,K'Chain Che'Malle Matron
Toll the Hounds,Kedeviss
Toll the Hounds,Kellanved
Toll the Hounds,Kest
Toll the Hounds,Kilmandaros
Toll the Hounds,Kindaru father
Toll the Hounds,Korbolo Dom
Toll the Hounds,Korlat
Toll the Hounds,K'rul
Toll the Hounds,Kruppe
Toll the Hounds,Krute of Talient
Toll the Hounds,Kust
Toll the Hounds,Larmas
Toll the Hounds,Laseen
Toll the Hounds,Lazan Door
Toll the Hounds,Leff
Toll the Hounds,Leopard dream-rider
Toll the Hounds,Liberators
Toll the Hounds,Lim
Toll the Hounds,Lock
Toll the Hounds,Lord of the Galayn
Toll the Hounds,L'oric
Toll the Hounds,Luft
Toll the Hounds,Lull
Toll the Hounds,Mad Poets
Toll the Hounds,Madrun
Toll the Hounds,Mael
Toll the Hounds,Mallet
Toll the Hounds,Mammot
Toll the Hounds,Manalle
Toll the Hounds,Mappo Runt
Toll the Hounds,Master of the Deck
Toll the Hounds,Master Quell
Toll the Hounds,Meese
Toll the Hounds,Menandore
Toll the Hounds,Mew
Toll the Hounds,Milok
Toll the Hounds,Mogora
Toll the Hounds,Monkrat
Toll the Hounds,Mother Dark
Toll the Hounds,Mule
Toll the Hounds,Munug
Toll the Hounds,Murillio
Toll the Hounds,Myrla
Toll the Hounds,Nenanda
Toll the Hounds,Nerruse
Toll the Hounds,Nightchill
Toll the Hounds,Nimander Golit
Toll the Hounds,Nimander's beloved
Toll the Hounds,Nissala
Toll the Hounds,Nivvy
Toll the Hounds,Nok
Toll the Hounds,Nou
Toll the Hounds,Old shepherd
Toll the Hounds,Oponn
Toll the Hounds,Orfantal
Toll the Hounds,Osseric
Toll the Hounds,Ox and carter
Toll the Hounds,Pahlk Orlong
Toll the Hounds,Pallid
Toll the Hounds,Pamby Doughty
Toll the Hounds,Pannion Seer
Toll the Hounds,Pearl
Toll the Hounds,Phaed
Toll the Hounds,Picker
Toll the Hounds,Pilgrim spokesman
Toll the Hounds,Pra'iran
Toll the Hounds,Precious Thimble
Toll the Hounds,Prelick
Toll the Hounds,Priest of the Dying God
Toll the Hounds,Prophet Seech
Toll the Hounds,Queen of Dreams
Toll the Hounds,Quip Younger
Toll the Hounds,Raest
Toll the Hounds,Rallick Nom
Toll the Hounds,Ravyd Lim
Toll the Hounds,Reccanto Ilk
Toll the Hounds,The Redeemer
Toll the Hounds,Resto
Toll the Hounds,Revenants
Toll the Hounds,Rhivi server
Toll the Hounds,Rhulad Sengar
Toll the Hounds,Rood
Toll the Hounds,Saelen Gara talespinner
Toll the Hounds,Salind
Toll the Hounds,Samar Dev
Toll the Hounds,Sandalath Drukorlat
Toll the Hounds,Santbala
Toll the Hounds,Scabandari
Toll the Hounds,Scamper
Toll the Hounds,Scillara
Toll the Hounds,Scorch
Toll the Hounds,Scurve
Toll the Hounds,Seba Krafar
Toll the Hounds,Second Sister
Toll the Hounds,Seerdomin
Toll the Hounds,Seerdomin
Toll the Hounds,Seguleh Second
Toll the Hounds,Sepharla
Toll the Hounds,Shadowthrone
Toll the Hounds,Sha'ik
Toll the Hounds,Shan
Toll the Hounds,Shardan Lim
Toll the Hounds,Sheltatha Lore
Toll the Hounds,Silanah
Toll the Hounds,Silchas Ruin
Toll the Hounds,Silverfox
Toll the Hounds,Simtal
Toll the Hounds,Sirik
Toll the Hounds,Sixth Sister
Toll the Hounds,Skamar Ara
Toll the Hounds,Skevos
Toll the Hounds,Skilles Naver
Toll the Hounds,Skinner
Toll the Hounds,Skintick
Toll the Hounds,Snell
Toll the Hounds,Soliel
Toll the Hounds,Sordiko Qualm
Toll the Hounds,Sormo E'nath
Toll the Hounds,Sorrit
Toll the Hounds,Sorry
Toll the Hounds,Spindle
Toll the Hounds,Spinnock Durav
Toll the Hounds,Spite
Toll the Hounds,Stonny Menackis
Toll the Hounds,Studious Lock
Toll the Hounds,Studlock
Toll the Hounds,Stump Flit
Toll the Hounds,Sukul Ankhadu
Toll the Hounds,Sulty
Toll the Hounds,Surly
Toll the Hounds,Surna
Toll the Hounds,Sweetest Sufferance
Toll the Hounds,Sweetest Sufferance's grandfather
Toll the Hounds,Talo Krafar
Toll the Hounds,Tavore Paran
Toll the Hounds,Taya Radok
Toll the Hounds,Tayschrenn
Toll the Hounds,Temple Historian
Toll the Hounds,Teven
Toll the Hounds,Third Sister
Toll the Hounds,Thurule
Toll the Hounds,Thordy
Toll the Hounds,Thove
Toll the Hounds,T'iam
Toll the Hounds,Tiserra
Toll the Hounds,Toc Anaster
Toll the Hounds,Toc the Younger
Toll the Hounds,Togg
Toll the Hounds,Tonith Agra
Toll the Hounds,Torvald Nom
Toll the Hounds,Trake
Toll the Hounds,Tralka Vonan
Toll the Hounds,Traveller
Toll the Hounds,Trotts
Toll the Hounds,Tufty
Toll the Hounds,Turban Orr
Toll the Hounds,Tyrant King
Toll the Hounds,Ultama
Toll the Hounds,Uludan
Toll the Hounds,Urko Crust
Toll the Hounds,Vaderon
Toll the Hounds,Vanut Degalla
Toll the Hounds,Varada
Toll the Hounds,Varada foreman
Toll the Hounds,Venasara
Toll the Hounds,Venaz
Toll the Hounds,Vorcan
Toll the Hounds,Whiskeyjack
Toll the Hounds,White-Haired Empress
Toll the Hounds,Widow Lebbil
Toll the Hounds,Witch - Priestess of the Redeemer
Toll the Hounds,Withal
Toll the Hounds,Zechan Throw
Dust of Dreams,Adjunct Tavore
Dust of Dreams,Quick Ben
Dust of Dreams,Keneb
Dust of Dreams,Blistig
Dust of Dreams,Lostara Yil
Dust of Dreams,Banaschar
Dust of Dreams,Kindly
Dust of Dreams,Skanarow
Dust of Dreams,Faradan Sort
Dust of Dreams,Ruthan Gudd
Dust of Dreams,Fast
Dust of Dreams,Untilly Rum
Dust of Dreams,Pores
Dust of Dreams,Raband
Dust of Dreams,Sinn
Dust of Dreams,Grub
Dust of Dreams,Fiddler
Dust of Dreams,Tarr
Dust of Dreams,Koryk
Dust of Dreams,Smiles
Dust of Dreams,Bottle
Dust of Dreams,Corabb Bhilan Thenu'alas
Dust of Dreams,Cuttle
Dust of Dreams,Gesler
Dust of Dreams,Stormy
Dust of Dreams,Shortnose
Dust of Dreams,Flashwit
Dust of Dreams,Mayfly
Dust of Dreams,Cord
Dust of Dreams,Shard
Dust of Dreams,Limp
Dust of Dreams,Ebron
Dust of Dreams,Crump (Jamber Bole)
Dust of Dreams,Hellian
Dust of Dreams,Touchy
Dust of Dreams,Brethless
Dust of Dreams,Balgrid
Dust of Dreams,Maybe
Dust of Dreams,Balm
Dust of Dreams,Deadsmell
Dust of Dreams,Throatslitter
Dust of Dreams,Galt
Dust of Dreams,Lobe
Dust of Dreams,Widdershins
Dust of Dreams,Thom Tissy
Dust of Dreams,Tulip
Dust of Dreams,Gullstream
Dust of Dreams,Urb
Dust of Dreams,Reem
Dust of Dreams,Masan Gilani
Dust of Dreams,Saltlick
Dust of Dreams,Scant
Dust of Dreams,Sinter
Dust of Dreams,Pravalak Rim
Dust of Dreams,Honey
Dust of Dreams,Strap Mull
Dust of Dreams,Shoaly
Dust of Dreams,Lookback
Dust of Dreams,Badan Gruk
Dust of Dreams,Ruffle
Dust of Dreams,Skim
Dust of Dreams,Nep Furrow
Dust of Dreams,Reliko
Dust of Dreams,Vastly Blank
Dust of Dreams,Primly
Dust of Dreams,Kisswhere
Dust of Dreams,Hunt
Dust of Dreams,Mulvan Dreader
Dust of Dreams,Neller
Dust of Dreams,Skulldeath
Dust of Dreams,Drawfirst
Dust of Dreams,Dead Hedge
Dust of Dreams,Bavedict
Dust of Dreams,Sunrise
Dust of Dreams,Nose Stream
Dust of Dreams,Sweetlard
Dust of Dreams,Rumjugs
Dust of Dreams,Gall
Dust of Dreams,Hanavat
Dust of Dreams,Jarabb
Dust of Dreams,Shelemasa
Dust of Dreams,Vedith
Dust of Dreams,Krughava
Dust of Dreams,Tanakalian
Dust of Dreams,Run'Thurvian
Dust of Dreams,King Tehol
Dust of Dreams,Queen Janath
Dust of Dreams,Chancellor Bugg
Dust of Dreams,Ceda Bugg
Dust of Dreams,Treasurer Bugg
Dust of Dreams,Yan Tovis (Twilight)
Dust of Dreams,Yedan Derryg (The Watch)
Dust of Dreams,Brys Beddict
Dust of Dreams,Aranict
Dust of Dreams,Shurq Elalle
Dust of Dreams,Skorgen Kaban
Dust of Dreams,Ublala Pung
Dust of Dreams,Pully
Dust of Dreams,Skwish
Dust of Dreams,Brevity
Dust of Dreams,Pithy
Dust of Dreams,Rucket
Dust of Dreams,Ursto Hoobutt
Dust of Dreams,Pinosel
Dust of Dreams,Warleader Onos Toolan
Dust of Dreams,Hetan
Dust of Dreams,Stavi
Dust of Dreams,Storii
Dust of Dreams,Stolmen
Dust of Dreams,Cafal
Dust of Dreams,Strahl
Dust of Dreams,Bakal
Dust of Dreams,Maral Eb
Dust of Dreams,Ralata
Dust of Dreams,Torrent
Dust of Dreams,Setoc
Dust of Dreams,Rutt
Dust of Dreams,Held
Dust of Dreams,Badalle
Dust of Dreams,Saddic
Dust of Dreams,Brayderal
Dust of Dreams,Onrack
Dust of Dreams,Kilava
Dust of Dreams,Ulshun Pral
Dust of Dreams,Lera Epar
Dust of Dreams,Kalt Urmanal
Dust of Dreams,Rystalle Ev
Dust of Dreams,Brolos Haran
Dust of Dreams,Ilm Absinos
Dust of Dreams,Ulag Togtil
Dust of Dreams,Nom Kala
Dust of Dreams,Inistral Ovan
Dust of Dreams,Matron
Dust of Dreams,Gunth'an Acyl
Dust of Dreams,J'an Sentinel
Dust of Dreams,Bre'nigan
Dust of Dreams,K'ell Hunter
Dust of Dreams,Sag'Churok
Dust of Dreams,Gunth Mach
Dust of Dreams,K'ell Hunter
Dust of Dreams,Kor Thuran
Dust of Dreams,K'ell Hunter
Dust of Dreams,Rythok
Dust of Dreams,Shi'Gal Assassin
Dust of Dreams,Gu'Rull
Dust of Dreams,Sulkit
Dust of Dreams,Kalyth
Dust of Dreams,Elan
Dust of Dreams,Silchas Ruin
Dust of Dreams,Rud Elalle
Dust of Dreams,Telorast
Dust of Dreams,Curdle
Dust of Dreams,The Errant (Errastas)
Dust of Dreams,Knuckles (Sechul Lath)
Dust of Dreams,Kilmandaros
Dust of Dreams,Mael
Dust of Dreams,Olar Ethil
Dust of Dreams,Udinaas
Dust of Dreams,Sheb
Dust of Dreams,Taxilian
Dust of Dreams,Veed
Dust of Dreams,Asane
Dust of Dreams,Breath
Dust of Dreams,Last
Dust of Dreams,Nappet
Dust of Dreams,Rautos
Dust of Dreams,Sandalath Drukorlat
Dust of Dreams,Withal
Dust of Dreams,Mape
Dust of Dreams,Rind
Dust of Dreams,Pule
Dust of Dreams,Bent
Dust of Dreams,Roach
The Crippled God,Himble Thrup
The Crippled God,Sergeant
The Crippled God,Gaunt-Eye
The Crippled God,Corporal
The Crippled God,Rib
The Crippled God,Lap Twirl
The Crippled God,Sad
The Crippled God,Burnt Rope
The Crippled God,Ganoes Paran
The Crippled God,High Mage
The Crippled God,Noto Boil
The Crippled God,Hurlochel
The Crippled God,Fist
The Crippled God,Rythe Bude
The Crippled God,Captain
The Crippled God,Sweetcreek
The Crippled God,Ormulogun
The Crippled God,Mathok
The Crippled God,T'morol
The Crippled God,Gumble
The Crippled God,Jastara
The Crippled God,Sergeant
The Crippled God,Cellows
The Crippled God,Corporal
The Crippled God,Nithe
The Crippled God,Sharl
The Crippled God,Urugal the Woven
The Crippled God,Thenik the Shattered
The Crippled God,Beroke Soft Voice
The Crippled God,Kahlb the Silent Hunter
The Crippled God,Halad the Giant
The Crippled God,Nimander Golit
The Crippled God,Spinnock Durav
The Crippled God,Korlat
The Crippled God,Skintick
The Crippled God,Desra
The Crippled God,Dathenar Gowl
The Crippled God,Dathenar Fandoris
The Crippled God,Prazek Goul
The Crippled God,Nemanda
The Crippled God,Nenanda
The Crippled God,Gathras
The Crippled God,Sanad
The Crippled God,Varandas
The Crippled God,Haut
The Crippled God,Suvalas
The Crippled God,Aimanan
The Crippled God,Hood
The Crippled God,Reverence
The Crippled God,Serenity
The Crippled God,Equity
The Crippled God,Placid
The Crippled God,Diligence
The Crippled God,Abide
The Crippled God,Aloft
The Crippled God,Calm
The Crippled God,Belie
The Crippled God,Freedom
The Crippled God,Grave
The Crippled God,Amiss
The Crippled God,Exigent
The Crippled God,Hestand
The Crippled God,Festian
The Crippled God,Kessgan
The Crippled God,Trissin
The Crippled God,Melest
The Crippled God,Haggraf
The Crippled God,Kadagar Fant
The Crippled God,Aparal Forge
The Crippled God,Iparth Erule
The Crippled God,Gaelar Throe
The Crippled God,Eldat Pressan
The Crippled God,Absi
The Crippled God,Spultatha
The Crippled God,K'rul
The Crippled God,Kaminsod
The Crippled God,Munug
The Crippled God,Silannah
The Crippled God,Silanah
The Crippled God,Apsal'ara
The Crippled God,Tulas Shorn
The Crippled God,D'rek
The Crippled God,Gallimada
The Crippled God,Gillimada
The Crippled God,Korabas
